<?xml version="1.0" encoding="UTF-8"?>
<project-private xmlns="http://www.netbeans.org/ns/project-private/1">
    <editor-bookmarks xmlns="http://www.netbeans.org/ns/editor-bookmarks/2" lastBookmarkId="0"/>
    <open-files xmlns="http://www.netbeans.org/ns/projectui-open-files/2">
        <group>
            <file>file:/D:/Object-Oriented-Programming-main/Registration%20System/src/Login.java</file>
            <file>file:/D:/Object-Oriented-Programming-main/Registration%20System/src/Registration.java</file>
            <file>file:/D:/Object-Oriented-Programming-main/Registration%20System/src/AdminAccount.java</file>
            <file>file:/D:/Object-Oriented-Programming-main/Registration%20System/src/Profile.java</file>
            <file>file:/D:/Object-Oriented-Programming-main/Registration%20System/src/AddFrame.java</file>
            <file>file:/D:/Object-Oriented-Programming-main/Registration%20System/src/UpdateFrame.java</file>
        </group>
    </open-files>
</project-private>
